"Tilda UID";Brand;SKU;Mark;Category;Title;Description;Text;Photo;Price;Quantity;"Price Old";Editions;Modifications;"External ID";"Parent UID";"Characteristics:Длина, см";"Characteristics:Диаметр баллона, см";"Characteristics:Пассажировместимость, чел.";"Characteristics:Грузоподъемность, кг.";"Characteristics:Масса лодки, кг.";"Characteristics:Тип пола";Characteristics:Тоннель;"Characteristics:Макс. мощность мотора, л.с.";"Characteristics:Плотность ПВХ г./м.кв.";Characteristics:Тактность;"Characteristics:Количество цилиндров";"Characteristics:Объем двигателя, куб. см.";"Characteristics:Усилитель руля (EPS)";"Characteristics:Вариатор CVTech (Канадский)";Characteristics:Компоновка;"Characteristics:Система питания";"Characteristics:Ширина гусеницы, мм.";"Characteristics:Высота грунтозацепа, мм";"Characteristics:Модель двигателя";"Characteristics:Мощность, л.с.";Characteristics:Электростартер;Characteristics:Реверс;Characteristics:Подвеска;"Characteristics:Вес, кг.";Characteristics:Управление;Characteristics:Запуск;Characteristics:Водомет;Characteristics:Тип;Characteristics:Комплектация;"Characteristics:Подходит для водомета";"Characteristics:Диаметр диска";Characteristics:Категория;Characteristics:Бренд;Weight;Length;Width;Height;"SEO title";"SEO descr";"SEO keywords";"FB title";"FB descr";VAT;FFD1;FFD2;Url
731528179001;AODES;;;"Квадроциклы>>>Квадроциклы AODES;Техника";"Квадроцикл AODES PATHCROSS 1000";"1000сс, 95 л.с., двухместный";"Модель квадроцикла для тех, кто не привык отказывать своим желаниям. Двухместная модель литрового PATHCROSS — это баланс мощного двигателя, лучшей проходимости и высокого комфорта для райдера и пассажира.<br /><br />Все необходимое уже с завода: электроусилитель руля (EPS), алюминиевые легкосплавные диски, лебедка с тяговым усилием 1500 кг, усиленный передний и задний бампер, расширители колесных арок и двухместное сиденье. Уверенности в долгих путешествиях вам добавит 2-х летняя гарантия на квадроцикл от производителя* (При своевременном обслуживании в авторизованном Сервисном центре)<br /><p style=""text-align: center;"">Технические характеристики</p><p style=""text-align: left;"">Тип двигателяДвухцилиндровый V-образный, жидкостного охлаждения, 976 см³, мощность — 63,7 кВт (95 л. с.)Коробка передачВариатор CVTech, L-H-N-R-P. Режимы 2WD / 4WD / 4WD LockРулевое управлениеEPS — электроусилитель руляПередняя подвескаДвойные А-образные рычагиПередние амортизаторыГазомаслянные амортизаторы YIT с выносным резервуаром и возможностью регулировкиЗадняя подвескаНезависимая с продольными рычагами и стабилизатором поперечной устойчивостиЗадние амортизаторыГазомаслянныеПередние шиныAT (26×9–14)Задние шиныAT (26×11–14)Колесные диски14-дюймовые алюминиевыеПередние / задниеДвойной дисковый тормозТип управленияНожной / ручнойДополнительноСтояночный тормоз«Сухая» масса399 кгДлина × Ширина × Высота2460 × 1230 × 1460 ммКолесная база1508 ммДорожный просвет310 ммОбъем багажных отделенийЗаднее: 20 л., под сиденьем:1,7 л.Объем топливного бака22 лКомплектацияДвухместнаяКомбинация приборовПриборная панель с индикацией основных параметров: вкл/выкл полного привода, индикацией уровня топлива, датчика посадки водителя, ручного тормоза, сигналов поворота и аварийной остановки.ЛебедкаЛебедка с синтетическим тросом и тросоукладчиком, тяговое усилие 1500кгЭлементы защитыВетрозащита рук на руле, расширители колесных арок, усиленный передний и задний бампер, замок блокировки рулевого валаДополнительное оборудованиеЭлектроусилитель руля EPS, cветодиодная оптика, фаркоп с электроподготовкой, звуковой сигнал, сигналы поворота, крепление номера с подсветкой, зеркала заднего вида, бардачок объемом 2 литра под сиденьем пассажира, алюминиевые подножки водителя и пассажира, эргономичные багажные площадки на 30/70 кг, розетка 12 Вольт и USB.ЦветБелый, серый, черный, камуфляж, синий, красный, зеленый</p>";"https://static.tildacdn.com/stor6135-3031-4766-b935-623830623137/229293caa6093f9a1231cee84bce03d4.jpg https://static.tildacdn.com/stor3134-3134-4430-a433-623763383638/c867c9301d760273ed5812e1460733ba.jpg https://static.tildacdn.com/stor6536-3366-4262-a332-396465376561/925ee37dbc00adf144378730a19ac73d.jpg https://static.tildacdn.com/stor3166-3239-4431-a633-626630623430/e5c94d1031e056286d43f5036fc26485.jpg https://static.tildacdn.com/stor3639-6661-4432-a364-346239326363/394d6dd46d443092a18c6f9caa4c3687.jpg https://static.tildacdn.com/stor6165-3463-4464-b439-633238366632/c13d5cf80fa9aa3cba3cc88ed605e020.jpg https://static.tildacdn.com/stor6537-3966-4262-a262-313866636264/bc804a75af90dcac1c2c3a4d5d4c0f20.jpg https://static.tildacdn.com/stor3066-3433-4237-b839-666162633634/21d36c8cacb4f5179284dc0931ac2596.jpg";1295000.00;;1390000;;"Цвет:Серый, белый, черный;Камуфляж лист=+35000";fejaKvoUi8bhbH5e1jC2;;;;;;;;;;;4Т;2;1000;Да;Да;;;;;;;;;;;;;;;;;;;;0;0;0;0;"Квадроцикл AODES PATHCROSS 1000 купить в Красноярске";"Квадроцикл AODES PATHCROSS 1000 купить в Красноярске";"Квадроцикл AODES PATHCROSS 1000 купить в Красноярске";"Квадроцикл AODES PATHCROSS 1000 купить в Красноярске";"Квадроцикл AODES PATHCROSS 1000 купить в Красноярске";22;;;https://mirmotorov24.ru/kvadrocikl-aodes/1000
343449097161;AODES;;;"Квадроциклы>>>Квадроциклы AODES;Техника";"Квадроцикл AODES PATHCROSS 650";"650сс, 53 л.с., двухместный";"Двухместная версия квадроцикла PATHCROSS с двигателем 650 см³. Для комфортных путешествий с пассажиром.<br /><br />Линейка квадроциклов PATHCROSS с объемом двигателя 650 см³ является базовой в модельном ряду производителя Shandong Odes Industry Co. Ltd. При этом, уже в базовой версии модель имеет электроусилитель руля (EPS), алюминиевые легкосплавные диски, лебедку с тяговым усилием 1500 кг, усиленный передний и задний бампер, расширители колесных арок и двухместное сиденье. Подготовленный квадроцикл для бездорожья уже с завода. Выбирайте направление и в путь!<br /><br /><p style=""text-align: center;"">Технические характеристики</p><p style=""text-align: left;"">Тип двигателяДвухцилиндровый V-образный, жидкостного охлаждения, 649 см³, мощность — 39 кВт (54 л. с.)Коробка передачВариатор CVTech, L-H-N-R-P. Режимы 2WD / 4WD / 4WD LockРулевое управлениеEPS — электроусилитель руляПередняя подвескаДвойные А-образные рычагиПередние амортизаторыГазомаслянные амортизаторы YIT с выносным резервуаром и возможностью регулировкиЗадняя подвескаНезависимая с продольными рычагами и стабилизатором поперечной устойчивостиЗадние амортизаторыГазомаслянныеПередние шиныAT (26×9–14)Задние шиныAT (26×11–14)Колесные диски14-дюймовые алюминиевыеПередние / задниеДвойной дисковый тормозТип управленияНожной / ручнойДополнительноСтояночный тормоз«Сухая» масса360 кгДлина × Ширина × Высота2460 × 1230 × 1460 ммКолесная база1508 ммДорожный просвет283 ммОбъем багажных отделенийЗаднее: 20 л., под сиденьем:1,7 л.Объем топливного бака22 лКомплектацияДвухместнаяКомбинация приборовПриборная панель с индикацией основных параметров: вкл/выкл полного привода, индикацией уровня топлива, датчика посадки водителя, ручного тормоза, сигналов поворота и аварийной остановки.ЛебедкаЛебедка с синтетическим тросом и тросоукладчиком, тяговое усилие 1500кгЭлементы защитыВетрозащита рук на руле, расширители колесных арок, усиленный передний и задний бампер, замок блокировки рулевого валаДополнительное оборудованиеЭлектроусилитель руля EPS, cветодиодная оптика, фаркоп с электроподготовкой, звуковой сигнал, сигналы поворота, крепление номера с подсветкой, зеркала заднего вида, бардачок объемом 2 литра под сиденьем пассажира, алюминиевые подножки водителя и пассажира, эргономичные багажные площадки на 30/70 кг, розетка 12 Вольт и USB.ЦветБелый, серый, черный, камуфляж, синий, красный, зеленый</p>";"https://static.tildacdn.com/stor6135-3031-4766-b935-623830623137/229293caa6093f9a1231cee84bce03d4.jpg https://static.tildacdn.com/stor3134-3134-4430-a433-623763383638/c867c9301d760273ed5812e1460733ba.jpg https://static.tildacdn.com/stor6536-3366-4262-a332-396465376561/925ee37dbc00adf144378730a19ac73d.jpg https://static.tildacdn.com/stor3166-3239-4431-a633-626630623430/e5c94d1031e056286d43f5036fc26485.jpg https://static.tildacdn.com/stor3639-6661-4432-a364-346239326363/394d6dd46d443092a18c6f9caa4c3687.jpg https://static.tildacdn.com/stor6165-3463-4464-b439-633238366632/c13d5cf80fa9aa3cba3cc88ed605e020.jpg https://static.tildacdn.com/stor6537-3966-4262-a262-313866636264/bc804a75af90dcac1c2c3a4d5d4c0f20.jpg https://static.tildacdn.com/stor3066-3433-4237-b839-666162633634/21d36c8cacb4f5179284dc0931ac2596.jpg";1110000.00;;;;"Цвет:Серый, белый, черный;Камуфляж лист=+30000";9FT14f0OaEVFXU3XyyYD;;;;;;;;;;;4Т;2;650;Да;Да;;;;;;;;;;;;;;;;;;;;0;0;0;0;"Квадроцикл AODES PATHCROSS 650 купить в Красноярске";"Квадроцикл AODES PATHCROSS 650 купить в Красноярске";"Квадроцикл AODES PATHCROSS 650 купить в Красноярске";"Квадроцикл AODES PATHCROSS 650 купить в Красноярске";"Квадроцикл AODES PATHCROSS 650 купить в Красноярске";22;;;https://mirmotorov24.ru/kvadrocikl-aodes/650
981071496021;AODES;;;"Квадроциклы>>>Квадроциклы AODES;Техника";"Квадроцикл AODES PATHCROSS 1000 MUD PRO";"1000сс, 95 л.с., двухместный";"Модель квадроцикла для тех, кто не привык отказывать своим желаниям. Двухместная модель литрового PATHCROSS — это баланс мощного двигателя, лучшей проходимости и высокого комфорта для райдера и пассажира.<br /><br />Все необходимое уже с завода: электроусилитель руля (EPS), алюминиевые легкосплавные диски, лебедка с тяговым усилием 1500 кг, усиленный передний и задний бампер, расширители колесных арок и двухместное сиденье. Уверенности в долгих путешествиях вам добавит 2-х летняя гарантия на квадроцикл от производителя* (При своевременном обслуживании в авторизованном Сервисном центре)<br /><p style=""text-align: center;"">Технические характеристики</p><p style=""text-align: left;"">Тип двигателяДвухцилиндровый V-образный, жидкостного охлаждения, 976 см³, мощность — 63,7 кВт (95 л. с.)Коробка передачВариатор CVTech, L-H-N-R-P. Режимы 2WD / 4WD / 4WD LockРулевое управлениеEPS — электроусилитель руляПередняя подвескаДвойные А-образные рычагиПередние амортизаторыГазомаслянные амортизаторы YIT с выносным резервуаром и возможностью регулировкиЗадняя подвескаНезависимая с продольными рычагами и стабилизатором поперечной устойчивостиЗадние амортизаторыГазомаслянныеПередние шиныCST 30×9-R14Задние шиныCST 30×11-R14Колесные диски14-дюймовые алюминиевыеПередние / задниеДвойной дисковый тормозТип управленияНожной / ручнойДополнительноСтояночный тормоз«Сухая» масса425 кгДлина × Ширина × Высота2460 × 1230 × 1460 ммКолесная база1508 ммДорожный просвет330 ммОбъем багажных отделенийЗаднее: 20 л., под сиденьем:1,7 л.Объем топливного бака22 лКомплектацияДвухместнаяКомбинация приборовПриборная панель с индикацией основных параметров: вкл/выкл полного привода, индикацией уровня топлива, датчика посадки водителя, ручного тормоза, сигналов поворота и аварийной остановки.ЛебедкаЛебедка с синтетическим тросом и тросоукладчиком, тяговое усилие 1500кгЭлементы защитыВетрозащита рук на руле, расширители колесных арок, усиленный передний и задний бампер, замок блокировки рулевого вала, дополнительная защита днищаДополнительное оборудованиеЭлектроусилитель руля, cветодиодная оптика, фаркоп с электроподготовкой, вынос радиатора и шноркелей, звуковой сигнал, сигналы поворота, крепление номера с подсветкой, зеркала заднего вида, бардачок объемом 2 литра под сиденьем пассажира, алюминиевые подножки водителя и пассажира, эргономичная задняя багажная площадка, розетка 12 Вольт и USB.ЦветЗолотой, Серый</p>";"https://static.tildacdn.com/stor3034-3532-4163-b236-346232626263/12c63e20fa38913b8970892b8372c90a.jpg https://static.tildacdn.com/stor3437-3539-4066-b236-646261663433/3bfff0bb7da6327ea5807fc6b230c64c.jpg https://static.tildacdn.com/stor3938-6632-4138-b336-333035353538/1d6897e13417cce1f7429da700e50c27.jpg https://static.tildacdn.com/stor3238-3561-4534-b531-326161636166/7e186e025ce355e793478726d9d02d01.jpg https://static.tildacdn.com/stor6532-3362-4131-b966-353931386162/40e12e14218cd676799022daffc1c4a4.jpg https://static.tildacdn.com/stor3935-3836-4266-a461-646561616266/c2182d33aa98d345e20da42900f53e36.jpg https://static.tildacdn.com/stor6165-3065-4337-b237-663832396336/6050e3284cb23464dd2333aab70e6b0d.jpg https://static.tildacdn.com/stor3436-6534-4363-b333-616533396164/f56430f343800cde6ea68df55f98b073.jpg https://static.tildacdn.com/stor3033-3431-4162-a464-616131636530/7835bccaf559bfd7aa1ef534ec3f3712.jpg";1545000.00;1;;;;F1lrh0ydrgohrUjlmOJf;;;;;;;;;;;4Т;2;1000;Да;Да;;;;;;;;;;;;;;;;;;;;0;0;0;0;"Квадроцикл AODES PATHCROSS 1000 MUD PRO купить в Красноярске";"Квадроцикл AODES PATHCROSS 1000 MUD PRO купить в Красноярске";"Квадроцикл AODES PATHCROSS 1000 MUD PRO купить в Красноярске";"Квадроцикл AODES PATHCROSS 1000 MUD PRO купить в Красноярске";"Квадроцикл AODES PATHCROSS 1000 MUD PRO купить в Красноярске";22;;;https://mirmotorov24.ru/kvadrocikl-aodes/1000-mud-pro
569330069731;AODES;;ВЫГОДА;"Квадроциклы>>>Квадроциклы AODES;Техника";"Мотовездеход AODES WORKCROSS 1000";"976сс, 72 л.с., 3-6 местный";"Утилитарная модель в линейке мотовездеходов AODES с двигателем 1000 см³. Мощный двигатель в 72 л.с. и отличные характеристики, которые делают этот мотовездеход универсальной и комфортной «рабочей лошадкой».<br /><br />В этой версии модель мотовездехода имеет все необходимое для рабочих задач и позволяет без дополнительной подготовки выполнять работу на фермах и хозяйствах, или отправиться в небольшой туристический маршрут. Мощный двигатель, энергоемкая подвеска, лебедка, закрытая кабина с отопителем и кондиционером и багажная площадка грузоподъемностью 300 кг — лишь небольшой перечень того, что обеспечит вам удобство и комфорт в любых поездках и задачах.<br /><p style=""text-align: center;"">Технические характеристики</p><p style=""text-align: left;"">Тип двигателяДвухцилиндровый V-образный, жидкостного охлаждения, 976 см³, мощность — 53 кВт (72 л. с.)Коробка передачВариатор, L-H-N-R-P. Режимы 2WD / 4WD / блокировка переднего дифференциала / блокировка заднего дифференциалаРулевое управлениеEPS — электроусилитель руляПередняя подвескаДвойные А-образные рычагиПередние амортизаторыГазомаслянные амортизаторыЗадняя подвескаДвойные изогнутые А-образные рычаги со стабилизатором поперечной устойчивостиЗадние амортизаторыГазомаслянныеПередние шиныAT (27×9-R14)Задние шиныAT (27×11-R14)Колесные диски14-дюймовые алюминиевыеПередние / задниеДвойной дисковый тормозТип управленияНожной / ручнойДополнительноСистема торможения двигателем«Сухая» масса866 кгДлина × Ширина × Высота3358 × 1913 × 1947 ммКолесная база2322 ммДорожный просвет305 ммОбъем багажных отделенийЗаднее: 919×1320×289 мм. Грузоподъемность 300 кгОбъем топливного бака45 лКомплектацияТрехместнаяКомбинация приборовПриборная панель с индикацией основных параметров: вкл/выкл полного привода, индикацией уровня топлива, сигналов поворота и аварийной остановки.ЛебедкаЛебедка с тяговым усилием 2040 кгЭлементы защитыПередний и задний бамперы, полностью закрытая кабинаДополнительное оборудованиеЛобовое стекло с омывателем и щеткой, кондиционер, отопитель салона,электроусилитель руля, cветодиодная оптика, звуковой сигнал, сигналыповорота, зеркала заднего вида, бардачок, розетки 12 ВольтЦветСерый, камуфляж</p>";https://static.tildacdn.com/stor6432-3339-4932-b065-613238363137/98674585.jpg;2185000.00;1;2425000;;;gKrR7aXvSc8aD2hPnjNZ;;;;;;;;;;;4Т;2;1000;Да;Да;;;;;;;;;;;;;;;;;;;;0;0;0;0;"Мотовездеход ODES WORKCROSS 1000 купить в Красноярске";"Мотовездеход ODES WORKCROSS 1000 купить в Красноярске";"Мотовездеход ODES WORKCROSS 1000 купить в Красноярске";"Мотовездеход ODES WORKCROSS 1000 купить в Красноярске";"Мотовездеход ODES WORKCROSS 1000 купить в Красноярске";22;;;https://mirmotorov24.ru/kvadrocikl-aodes/workcross-1000
985937035231;AODES;;;"Квадроциклы>>>Квадроциклы AODES;Техника";"Мотовездеход AODES DESERTCROSS 1000";"976сс, 86 л.с., 3";"Утилитарно-туристическая модель в линейке мотовездеходов AODES с двигателем 1000 см³. Мощный двигатель в 87 л.с. и высокая надежность для любителей туризма и решения рабочих задач в хозяйстве.<br /><br />Стандартная версия мотовездехода Desertcross — здесь ничего лишнего, но достаточно всего, чтобы выполнять утилитарные и рабочие задачи. Мощный двигатель, 2 пассажирских места, лебедка и багажная площадка грузоподъемностью 300 кг — лишь небольшой перечень того, что обеспечит вам выполнение любых задач.<br /><p style=""text-align: center;"">Технические характеристики</p><p style=""text-align: left;"">Тип двигателяДвухцилиндровый V-образный, жидкостного охлаждения, 976 см³, мощность — 63,7 кВт (87 л. с.)Коробка передачВариатор, L-H-N-R-P. Режимы 2WD / 4WD / блокировка переднего дифференциала / блокировка заднего дифференциалаРулевое управлениеEPS — электроусилитель руляПередняя подвескаДвойные А-образные рычагиПередние амортизаторыГазомаслянные амортизаторыЗадняя подвескаДвойные изогнутые А-образные рычаги со стабилизатором поперечной устойчивостиЗадние амортизаторыГазомаслянныеПередние шиныAT (27×9-R14)Задние шиныAT (27×11-R14)Колесные диски14-дюймовые алюминиевыеПередние / задниеДвойной дисковый тормозТип управленияНожной / ручнойДополнительноСистема торможения двигателем«Сухая» масса848 кгДлина × Ширина × Высота3339 × 1782 × 1935 ммКолесная база2322 ммДорожный просвет305 ммОбъем багажных отделенийЗаднее: 1077×1662×280 мм. Грузоподъемность 300 кгОбъем топливного бака48 лКомплектацияТрехместнаяКомбинация приборовПриборная панель с индикацией основных параметров: вкл/выкл полного привода, индикацией уровня топлива, сигналов поворота и аварийной остановки.ЛебедкаЛебедка с тяговым усилием 2040 кгЭлементы защитыПередний и задний бамперы, пластиковая крышаДополнительное оборудованиеВетровое стекло, электроусилитель руля EPS, cветодиодная оптика, звуковой сигнал, сигналы поворота, ремни безопасности, зеркала заднего вида, бардачок, розетки 12 ВольтЦветЧерный, песочный</p>";https://static.tildacdn.com/stor3763-3931-4162-b636-653762616365/18587249.jpg;2245000.00;;2495000;;"Доставка до регионального склада:Без доставки;С учетом доставки=+50000";HFgNt7vrK68iXflY3os0;;;;;;;;;;;4Т;2;1000;Да;Да;;;;;;;;;;;;;;;;;;;;0;0;0;0;"Мотовездеход ODES DESERTCROSS 1000 купить в Красноярске";"Мотовездеход ODES DESERTCROSS 1000 купить в Красноярске";"Мотовездеход ODES DESERTCROSS 1000 купить в Красноярске";"Мотовездеход ODES DESERTCROSS 1000 купить в Красноярске";"Мотовездеход ODES DESERTCROSS 1000 купить в Красноярске";22;;;https://mirmotorov24.ru/kvadrocikl-aodes/dessertcross-1000
121402115401;AODES;;;"Квадроциклы>>>Квадроциклы AODES;Техника";"Квадроцикл AODES PATHCROSS 650 PRO";"650сс, 53 л.с., двухместный";"Двухместная версия квадроцикла PATHCROSS с двигателем 650 см³. Для комфортных путешествий с пассажиром.<br /><br />Линейка квадроциклов PATHCROSS с объемом двигателя 650 см³ является базовой в модельном ряду производителя Shandong Odes Industry Co. Ltd. При этом, уже в базовой версии модель имеет электроусилитель руля (EPS), алюминиевые легкосплавные диски, лебедку с тяговым усилием 1500 кг, усиленный передний и задний бампер, расширители колесных арок и двухместное сиденье. Подготовленный квадроцикл для бездорожья уже с завода. Выбирайте направление и в путь!<br /><br /><p style=""text-align: center;"">Технические характеристики</p><p style=""text-align: left;"">Тип двигателяДвухцилиндровый V-образный, жидкостного охлаждения, 649 см³, мощность — 39 кВт (54 л. с.)Коробка передачВариатор CVTech, L-H-N-R-P. Режимы 2WD / 4WD / 4WD LockРулевое управлениеEPS — электроусилитель руляПередняя подвескаДвойные А-образные рычагиПередние амортизаторыГазомаслянные амортизаторы YIT с выносным резервуаром и возможностью регулировкиЗадняя подвескаНезависимая с продольными рычагами и стабилизатором поперечной устойчивостиЗадние амортизаторыГазомаслянныеПередние шиныAT (26×9–14)Задние шиныAT (26×11–14)Колесные диски14-дюймовые алюминиевыеПередние / задниеДвойной дисковый тормозТип управленияНожной / ручнойДополнительноСтояночный тормоз«Сухая» масса360 кгДлина × Ширина × Высота2460 × 1230 × 1460 ммКолесная база1508 ммДорожный просвет283 ммОбъем багажных отделенийЗаднее: 20 л., под сиденьем:1,7 л.Объем топливного бака22 лКомплектацияДвухместнаяКомбинация приборовПриборная панель с индикацией основных параметров: вкл/выкл полного привода, индикацией уровня топлива, датчика посадки водителя, ручного тормоза, сигналов поворота и аварийной остановки.ЛебедкаЛебедка с синтетическим тросом и тросоукладчиком, тяговое усилие 1500кгЭлементы защитыВетрозащита рук на руле, расширители колесных арок, усиленный передний и задний бампер, замок блокировки рулевого валаДополнительное оборудованиеЭлектроусилитель руля EPS, cветодиодная оптика, фаркоп с электроподготовкой, звуковой сигнал, сигналы поворота, крепление номера с подсветкой, зеркала заднего вида, бардачок объемом 2 литра под сиденьем пассажира, алюминиевые подножки водителя и пассажира, эргономичные багажные площадки на 30/70 кг, розетка 12 Вольт и USB.ЦветБелый, серый, черный, камуфляж, синий, красный, зеленый</p>";"https://static.tildacdn.com/stor3738-6465-4465-a338-373337343738/8b3bd71b04df734fdb2d35776e6bbdbd.jpg https://static.tildacdn.com/stor3566-3831-4139-a138-356364623238/6e92c757ab7e9b8328427ed905a4f619.jpg https://static.tildacdn.com/stor6138-6664-4462-b964-656633373631/d64f6eb7aa69255c3b722ff6374829d2.jpg https://static.tildacdn.com/stor3531-3564-4538-b636-366133663734/9243225290958e456926e2618b055290.jpg https://static.tildacdn.com/stor6438-6665-4264-b533-353436393161/02f618c9f2593c9aca099e6dba647f26.jpg https://static.tildacdn.com/stor3039-3564-4330-b061-656631353736/b6fe866bce6d026a451d33ac58a27de7.jpg https://static.tildacdn.com/stor3163-6163-4533-b863-303731303265/1bbd564c0bdac85916c3bb7a36c53967.jpg https://static.tildacdn.com/stor6134-3461-4136-b939-323836376435/e8e9ad01f4b68081b9c923a6cbb7de5a.jpg";1145000.00;;;;"Цвет:Серый, белый, черный;Камуфляж лист=+35000";6Hv4TkjAK4eZyuH3VHV6;;;;;;;;;;;4Т;2;650;Да;Да;;;;;;;;;;;;;;;;;;;;0;0;0;0;"Квадроцикл AODES PATHCROSS 650 PRO купить в Красноярске";"Квадроцикл AODES PATHCROSS 650 PRO купить в Красноярске";"Квадроцикл AODES PATHCROSS 650 PRO купить в Красноярске";"Квадроцикл AODES PATHCROSS 650 PRO купить в Красноярске";"Квадроцикл AODES PATHCROSS 650 PRO купить в Красноярске";22;;;https://mirmotorov24.ru/kvadrocikl-aodes/650pro
314549573311;AODES;;;"Квадроциклы>>>Квадроциклы AODES;Техника";"Квадроцикл AODES PATHCROSS 1000 PRO";"1000сс, 95 л.с., двухместный";"Модель квадроцикла для тех, кто не привык отказывать своим желаниям. Двухместная модель литрового PATHCROSS — это баланс мощного двигателя, лучшей проходимости и высокого комфорта для райдера и пассажира.<br /><br />Все необходимое уже с завода: электроусилитель руля (EPS), алюминиевые легкосплавные диски, лебедка с тяговым усилием 1500 кг, усиленный передний и задний бампер, расширители колесных арок и двухместное сиденье. Уверенности в долгих путешествиях вам добавит 2-х летняя гарантия на квадроцикл от производителя* (При своевременном обслуживании в авторизованном Сервисном центре)<br /><p style=""text-align: center;"">Технические характеристики</p><p style=""text-align: left;"">Тип двигателяДвухцилиндровый V-образный, жидкостного охлаждения, 976 см³, мощность — 63,7 кВт (95 л. с.)Коробка передачВариатор CVTech, L-H-N-R-P. Режимы 2WD / 4WD / 4WD LockРулевое управлениеEPS — электроусилитель руляПередняя подвескаДвойные А-образные рычагиПередние амортизаторыГазомаслянные амортизаторы YIT с выносным резервуаром и возможностью регулировкиЗадняя подвескаНезависимая с продольными рычагами и стабилизатором поперечной устойчивостиЗадние амортизаторыГазомаслянныеПередние шиныCST 28×9-R14Задние шиныCST 28×11-R14Колесные диски14-дюймовые алюминиевыеПередние / задниеДвойной дисковый тормозТип управленияНожной / ручнойДополнительноСтояночный тормоз«Сухая» масса419 кгДлина × Ширина × Высота2460 × 1230 × 1460 ммКолесная база1508 ммДорожный просвет310 ммОбъем багажных отделенийЗаднее: 20 л., под сиденьем:1,7 л.Объем топливного бака22 лКомплектацияДвухместнаяКомбинация приборовПриборная панель с индикацией основных параметров: вкл/выкл полного привода, индикацией уровня топлива, датчика посадки водителя, ручного тормоза, сигналов поворота и аварийной остановки.ЛебедкаЛебедка с синтетическим тросом и тросоукладчиком, тяговое усилие 1500кгЭлементы защитыВетрозащита рук на руле, расширители колесных арок, усиленный передний и задний бампер, замок блокировки рулевого валаДополнительное оборудованиеЭлектроусилитель руля EPS, cветодиодная оптика, фаркоп с электроподготовкой, звуковой сигнал, сигналы поворота, крепление номера с подсветкой, зеркала заднего вида, бардачок объемом 2 литра под сиденьем пассажира, алюминиевые подножки водителя и пассажира, эргономичные багажные площадки на 30/70 кг, розетка 12 Вольт и USB.ЦветБелый, серый, черный, камуфляж, синий, красный, зеленый</p>9-14 / 28*11-14";"https://static.tildacdn.com/stor3738-6465-4465-a338-373337343738/8b3bd71b04df734fdb2d35776e6bbdbd.jpg https://static.tildacdn.com/stor3566-3831-4139-a138-356364623238/6e92c757ab7e9b8328427ed905a4f619.jpg https://static.tildacdn.com/stor6138-6664-4462-b964-656633373631/d64f6eb7aa69255c3b722ff6374829d2.jpg https://static.tildacdn.com/stor3531-3564-4538-b636-366133663734/9243225290958e456926e2618b055290.jpg https://static.tildacdn.com/stor6438-6665-4264-b533-353436393161/02f618c9f2593c9aca099e6dba647f26.jpg https://static.tildacdn.com/stor3039-3564-4330-b061-656631353736/b6fe866bce6d026a451d33ac58a27de7.jpg https://static.tildacdn.com/stor3163-6163-4533-b863-303731303265/1bbd564c0bdac85916c3bb7a36c53967.jpg https://static.tildacdn.com/stor6134-3461-4136-b939-323836376435/e8e9ad01f4b68081b9c923a6cbb7de5a.jpg";1370000.00;;;;"Цвет:Серый, белый, черный;Камуфляж лист=+35000";OXXmesvDZOgsROVc6Da3;;;;;;;;;;;4Т;2;1000;Да;Да;;;;;;;;;;;;;;;;;;;;0;0;0;0;"Квадроцикл AODES PATHCROSS 1000 PRO купить в Красноярске";"Квадроцикл AODES PATHCROSS 1000 PRO купить в Красноярске";"Квадроцикл AODES PATHCROSS 1000 PRO купить в Красноярске";"Квадроцикл AODES PATHCROSS 1000 PRO купить в Красноярске";"Квадроцикл AODES PATHCROSS 1000 PRO купить в Красноярске";22;;;https://mirmotorov24.ru/kvadrocikl-aodes/1000pro
356040735371;AODES;;ВЫГОДА;"Квадроциклы>>>Квадроциклы AODES;Техника";"Мотовездеход AODES WORKCROSS 1000 6-HVAC";"976сс, 72 л.с., 3-6 местный";"Технические характеристики<br /><br />Кузов<br />Количество посадочных мест -3-6<br />Д/Ш/В по спинке седла, мм - 3364 / 1920 / 1957 (4164 / 1920 / 1957)<br />Колесная база, мм - 2322 / 3122<br />Сухая масса, кг - 928 / 1100<br /><br />Двигатель<br />Двигатель - 2 цилиндровый, 4 тактный, жидкостного охлаждения<br />Рабочий объем, см. куб. - 976<br />Система питания - Инжектор, бензин с октановым числом не менее 92<br />Система зажигания - Электронный блок управления<br />Система пуска - Электростартер<br />Макс мощность, л.с. - 72<br />Емкость топливного бака, л - 51,9<br /><br />Трансмиссия<br />Трансмиссия - Клиноременный вариатор (CVT) (L-H-N-R-P) с режимом работы 2WD/4WD/4WD Lock<br /><br />Подвеска, тормоза<br />Тормоз передний - Дисковый<br />Тормоз задний - Дисковый<br />Шины передние - АТ27х9-15<br />Шины задние -AT27x11-15<br />Клиренс, мм. - 358<br /><br />Комплектация<br />Регулируемые амортизаторы YIT<br />Верхняя светодиодная балка<br />Жесткие двери<br />Крыша<br />Усилитель руля<br />Лебедка с металлическим тросом<br />Фаркоп под квадрат<br />Розетка прицепа<br />Розетка 12V<br />Розетка USB";https://static.tildacdn.com/stor6337-3662-4966-a431-303035633137/42436079.jpg;2445000.00;0;2715000;;"Количество мест:3 места;6 мест=2525000";df1dyaRUBBFzOsdFr5Fs;;;;;;;;;;;4Т;2;1000;Да;Да;;;;;;;;;;;;;;;;;;;;0;0;0;0;"Мотовездеход AODES WORKCROSS 1000 6-HVAC купить в Красноярске";"Мотовездеход AODES WORKCROSS 1000 6-HVAC купить в Красноярске";"Мотовездеход AODES WORKCROSS 1000 6-HVAC купить в Красноярске";"Мотовездеход AODES WORKCROSS 1000 6-HVAC купить в Красноярске";"Мотовездеход AODES WORKCROSS 1000 6-HVAC купить в Красноярске";22;;;https://mirmotorov24.ru/kvadrocikl-aodes/workcross-1000
203054334831;AODES;;ВЫГОДА;"Квадроциклы>>>Квадроциклы AODES;Техника";"Мотовездеход AODES DESERTCROSS 1000 3-HVAC";"976сс, 72 л.с., 3 местный";"Утилитарно-туристическая модель в линейке мотовездеходов AODES с двигателем 1000 см³. Мощный двигатель в 72 л.с. и высокая надежность для любителей туризма и решения рабочих задач в хозяйстве.<br /><br />В этой версии модель мотовездехода имеет все необходимое для комфортных путешествий и рабочих задач и позволяет без дополнительной подготовки отправиться штурмовать бездорожье и сложные маршруты. Мощный двигатель, энергоемкая подвеска, алюминиевые легкосплавные диски, лебедка с тяговым усилием 2040 кг, закрытая кабина с отопителем и кондиционером и багажная площадка грузоподъемностью 300 кг — лишь небольшой перечень того, что обеспечит вам удобство и комфорт в любых поездках.<br /><p style=""text-align: center;"">Технические характеристики</p><p style=""text-align: left;"">Тип двигателяДвухцилиндровый V-образный, жидкостного охлаждения, 976 см³, мощность — 53 кВт (72 л. с.)Коробка передачВариатор, L-H-N-R-P. Режимы 2WD / 4WD / блокировка переднего дифференциала / блокировка заднего дифференциалаРулевое управлениеEPS — электроусилитель руляПередняя подвескаДвойные А-образные рычагиПередние амортизаторыГазомаслянные амортизаторыЗадняя подвескаДвойные изогнутые А-образные рычаги со стабилизатором поперечной устойчивостиЗадние амортизаторыГазомаслянныеПередние шиныAT (27×9-R14)Задние шиныAT (27×11-R14)Колесные диски14-дюймовые алюминиевыеПередние / задниеДвойной дисковый тормозТип управленияНожной / ручнойДополнительноСистема торможения двигателем«Сухая» масса865 кгДлина × Ширина × Высота3364 × 1870 × 1947 ммКолесная база2322 ммДорожный просвет324 ммОбъем багажных отделенийЗаднее: 1077×1662×280 мм. Грузоподъемность 300 кгОбъем топливного бака48 лКомплектацияТрехместнаяКомбинация приборовПриборная панель с индикацией основных параметров: вкл/выкл полного привода, индикацией уровня топлива, сигналов поворота и аварийной остановки.ЛебедкаЛебедка с тяговым усилием 2040 кгЭлементы защитыПередний и задний бамперы, полностью закрытая кабинаДополнительное оборудованиеЛобовое стекло с омывателем и щеткой, кондиционер, отопитель салона, электроусилитель руля, cветодиодная оптика, звуковой сигнал, сигналы поворота, зеркала заднего вида, ремни безопасности, бардачок, розетки 12 ВольтЦветЧерный, песочный</p>";https://static.tildacdn.com/stor6462-3430-4634-b434-646530653638/61059833.jpg;2450000.00;;2720000;;"Доставка до регионального склада:Без доставки;С учетом доставки=+50000";nh4MkB038XKYd63mnn1O;;;;;;;;;;;4Т;2;1000;Да;Да;;;;;;;;;;;;;;;;;;;;0;0;0;0;"Мотовездеход AODES DESERTCROSS 1000 3-HVAC купить в Красноярске";"Мотовездеход AODES DESERTCROSS 1000 3-HVAC купить в Красноярске";"Мотовездеход AODES DESERTCROSS 1000 3-HVAC купить в Красноярске";"Мотовездеход AODES DESERTCROSS 1000 3-HVAC купить в Красноярске";"Мотовездеход AODES DESERTCROSS 1000 3-HVAC купить в Красноярске";22;;;https://mirmotorov24.ru/kvadrocikl-aodes/dessertcross-1000-3-hvac
488337868941;AODES;;ВЫГОДА;"Квадроциклы>>>Квадроциклы AODES;Техника";"Мотовездеход AODES DESERTCROSS 1000 6-HVAC";"976сс, 72 л.с., 6 местный";"Утилитарно-туристическая модель в линейке мотовездеходов AODES с двигателем 1000 см³. Мощный двигатель в 72 л.с. и высокая надежность для любителей туризма и решения рабочих задач в хозяйстве.<br /><br />В этой версии модель мотовездехода имеет все необходимое для комфортных путешествий и рабочих задач и позволяет без дополнительной подготовки отправиться штурмовать бездорожье и сложные маршруты. Мощный двигатель, энергоемкая подвеска, алюминиевые легкосплавные диски, лебедка с тяговым усилием 2040 кг, закрытая кабина с отопителем и кондиционером и багажная площадка грузоподъемностью 300 кг — лишь небольшой перечень того, что обеспечит вам удобство и комфорт в любых поездках.<br /><p style=""text-align: center;"">Технические характеристики</p><p style=""text-align: left;"">Тип двигателяДвухцилиндровый V-образный, жидкостного охлаждения, 976 см³, мощность — 53 кВт (72 л. с.)Коробка передачВариатор, L-H-N-R-P. Режимы 2WD / 4WD / блокировка переднего дифференциала / блокировка заднего дифференциалаРулевое управлениеEPS — электроусилитель руляПередняя подвескаДвойные А-образные рычагиПередние амортизаторыГазомаслянные амортизаторыЗадняя подвескаДвойные изогнутые А-образные рычаги со стабилизатором поперечной устойчивостиЗадние амортизаторыГазомаслянныеПередние шиныAT (27×9-R14)Задние шиныAT (27×11-R14)Колесные диски14-дюймовые алюминиевыеПередние / задниеДвойной дисковый тормозТип управленияНожной / ручнойДополнительноСистема торможения двигателем«Сухая» масса1060 кгДлина × Ширина × Высота4164 × 1870 × 1947 ммКолесная база3122 ммДорожный просвет324 ммОбъем багажных отделенийЗаднее: 1077×1662×280 мм. Грузоподъемность 300 кгОбъем топливного бака48 лКомплектацияШестиместнаяКомбинация приборовПриборная панель с индикацией основных параметров: вкл/выкл полного привода, индикацией уровня топлива, сигналов поворота и аварийной остановки.ЛебедкаЛебедка с тяговым усилием 2040 кгЭлементы защитыПередний и задний бамперы, полностью закрытая кабинаДополнительное оборудованиеЛЛобовое стекло с омывателем и щеткой, кондиционер, отопитель салона,электроусилитель руля, cветодиодная оптика, звуковой сигнал, сигналыповорота, зеркала заднего вида, ремни безопасности, бардачок, розетки 12 ВольтЦветЧерный, песочный</p>";https://static.tildacdn.com/stor6230-3839-4637-b732-663661356134/27310810.jpg;2710000.00;;3010000;;;ORV7Bbi1e6BIjfK4voLM;;;;;;;;;;;4Т;2;1000;Да;Да;;;;;;;;;;;;;;;;;;;;0;0;0;0;"Мотовездеход AODES DESERTCROSS 1000 6-HVAC купить в Красноярске";"Мотовездеход AODES DESERTCROSS 1000 6-HVAC купить в Красноярске";"Мотовездеход AODES DESERTCROSS 1000 6-HVAC купить в Красноярске";"Мотовездеход AODES DESERTCROSS 1000 6-HVAC купить в Красноярске";"Мотовездеход AODES DESERTCROSS 1000 6-HVAC купить в Красноярске";22;;;https://mirmotorov24.ru/kvadrocikl-aodes/dessertcross-1000-6-hvac
761525159022;AODES;;;"Квадроциклы>>>Квадроциклы AODES;Техника";"Квадроцикл AODES PATHCROSS 800 MUD PRO";"800сс, 60 л.с., двухместный";"Двухместная версия квадроцикла PATHCROSS с двигателем 650 см³. Для комфортных путешествий с пассажиром.<br /><br />Линейка квадроциклов PATHCROSS с объемом двигателя 800 см³ является базовой в модельном ряду производителя Shandong Odes Industry Co. Ltd. При этом, уже в базовой версии модель имеет электроусилитель руля (EPS), алюминиевые легкосплавные диски, лебедку с тяговым усилием 1500 кг, усиленный передний и задний бампер, расширители колесных арок и двухместное сиденье. Подготовленный квадроцикл для бездорожья уже с завода. Выбирайте направление и в путь!<br /><br /><p style=""text-align: center;"">Технические характеристики</p><p style=""text-align: left;"">Тип двигателя Двухцилиндровый V-образный, жидкостного охлаждения, 800 см³, Мощность — 44 кВт (60 л. с.)</p><p style=""text-align: left;"">Коробка передачВариатор CVTech, L-H-N-R-P. </p><p style=""text-align: left;"">Режимы 2WD / 4WD / 4WD Lock</p><p style=""text-align: left;"">Рулевое управление EPS — электроусилитель руля</p><p style=""text-align: left;"">Передняя подвеска Двойные А-образные рычаги </p><p style=""text-align: left;"">Передние амортизаторы Газомаслянные амортизаторы YIT с выносным резервуаром и возможностью регулировки</p><p style=""text-align: left;"">Задняя подвеска Независимая с продольными рычагами и стабилизатором поперечной устойчивости</p><p style=""text-align: left;"">Задние амортизаторы Газомаслянные</p><p style=""text-align: left;"">Передние шиныAT (28×9–14) </p><p style=""text-align: left;"">Задние шиныAT (28×11–14) </p><p style=""text-align: left;"">Колесные диски14-дюймовые алюминиевые Передние / задние </p><p style=""text-align: left;"">Двойной дисковый тормоз Тип управленияНожной / ручной Дополнительно Стояночный тормоз</p><p style=""text-align: left;"">«Сухая» масса 380 кг </p><p style=""text-align: left;"">Длина × Ширина × Высота2460 × 1230 × 1460 мм </p><p style=""text-align: left;"">Колесная база1508 мм</p><p style=""text-align: left;"">Дорожный просвет 283 мм</p><p style=""text-align: left;"">Объем багажных отделений Заднее: 20 л., под сиденьем:1,7 л.</p><p style=""text-align: left;"">Объем топливного бака22 л</p><p style=""text-align: left;"">Комплектация Вынос радиатора, шноркеля, 28 резина Wildthang, Двухместная, Комбинация приборов - Приборная панель с индикацией основных параметров: вкл/выкл полного привода, индикацией уровня топлива, датчика посадки водителя, ручного тормоза, сигналов поворота и аварийной остановки.</p><p style=""text-align: left;"">Лебедка с синтетическим тросом и тросоукладчиком, тяговое усилие 1500кг</p><p style=""text-align: left;"">Элементы защиты Ветрозащита рук на руле, расширители колесных арок, усиленный передний и задний бампер, замок блокировки рулевого вала</p><p style=""text-align: left;"">Дополнительное оборудование Электроусилитель руля EPS, cветодиодная оптика, фаркоп, звуковой сигнал, сигналы поворота, зеркала заднего вида, бардачок объемом 2 литра под сиденьем пассажира, алюминиевые подножки водителя и пассажира, эргономичные багажные площадки на 30/70 кг, розетка 12 Вольт и USB.</p>";"https://static.tildacdn.com/stor3034-3532-4163-b236-346232626263/12c63e20fa38913b8970892b8372c90a.jpg https://static.tildacdn.com/stor3437-3539-4066-b236-646261663433/3bfff0bb7da6327ea5807fc6b230c64c.jpg https://static.tildacdn.com/stor3938-6632-4138-b336-333035353538/1d6897e13417cce1f7429da700e50c27.jpg https://static.tildacdn.com/stor3238-3561-4534-b531-326161636166/7e186e025ce355e793478726d9d02d01.jpg https://static.tildacdn.com/stor6532-3362-4131-b966-353931386162/40e12e14218cd676799022daffc1c4a4.jpg https://static.tildacdn.com/stor3935-3836-4266-a461-646561616266/c2182d33aa98d345e20da42900f53e36.jpg https://static.tildacdn.com/stor6165-3065-4337-b237-663832396336/6050e3284cb23464dd2333aab70e6b0d.jpg https://static.tildacdn.com/stor3436-6534-4363-b333-616533396164/f56430f343800cde6ea68df55f98b073.jpg https://static.tildacdn.com/stor3033-3431-4162-a464-616131636530/7835bccaf559bfd7aa1ef534ec3f3712.jpg";1350000.00;;1480000;;;fn0jv4XMUGjUYaa1EuIf;;;;;;;;;;;4Т;2;650;Да;Да;;;;;;;;;;;;;;;;;;;;0;0;0;0;"Квадроцикл AODES PATHCROSS 650 PRO купить в Красноярске";"Квадроцикл AODES PATHCROSS 650 PRO купить в Красноярске";"Квадроцикл AODES PATHCROSS 650 PRO купить в Красноярске";"Квадроцикл AODES PATHCROSS 650 PRO купить в Красноярске";"Квадроцикл AODES PATHCROSS 650 PRO купить в Красноярске";22;;;https://mirmotorov24.ru/kvadrocikl-aodes/800-mud-pro
752592247362;AODES;;;"Квадроциклы>>>Квадроциклы AODES;Техника";"Квадроцикл AODES PATHCROSS 525L";"495сс, 38 л.с., двухместный";"Двухместная версия квадроцикла PATHCROSS с двигателем 495 см³. Для комфортных путешествий с пассажиром.<br /><br />Новая модель AODES PATHCROSS 525 с новым дизайном и новым мотором.<br /><br />Все самое нужное для начала своего пути в мир квадроциклов и путешествий на них - это AODES PATHCROSS 525L.<br /><br />Двухместный, комфортный, легкий, податливый и легко читаемый в управлении. Мотор с одним цилиндром достаточно тяговит, а его энергоемкости хватит для поездок для двух пассажиров или для выполнения бытовых задач на загородном участке.<br /><br />Настал сезон грибов - закрепили корзины и поехали в свои самые секретные и злачные места.<br />Настал сезон березового сока - на этом квадроцикле вы с лёгкостью соберете и увезете нужный вам объем.<br /><br />Наш официальный дилерский центр в Красноярске с радостью предложит вам широкий ассортимент аксессуаров и запчастей, в том числе и дополнительное сервисное обслуживание для вашего нового квадроцикла. Наши сотрудники, настоящие поклонники активного образа жизни, помогут вам с выбором и проконсультируют по любым вопросам эксплуатации.<br /><br />Мы также предоставляем услугу продажи в кредит или рассрочку, что делает приобретение квадроцикла ещё более доступным. Выберете качество, надёжность и удовольствие от вождения с AODES PATHCROSS 525L — квадроциклом, который не знает границ.<br />Тип двигателя Одноцилиндровый V-образный, жидкостного охлаждения, 495 см³, мощность — 28 кВт (38 л. с.)<br />Коробка передач Вариатор CVTech, L-H-N-R-P. <br />Рулевое управление EPS — электроусилитель руля только в модели PRO<br />Передняя подвеска и задняя подвеска Двойные А-образные рычаги и Газомаслянные амортизаторы<br />Передние шины AT (25×8–12)<br />Задние шины AT (25×10–12)<br />Колесные диски12-дюймовые Стальные <br />Передние / задние томроза дисковые <br />«Сухая» масса 365 кг<br />Длина × Ширина × Высота 2215 × 1172 × 1260 мм<br />Колесная база 1460<br />Дорожный просвет 265 мм";"https://static.tildacdn.com/stor6661-6263-4262-a462-356639333936/17396767.jpg https://static.tildacdn.com/stor3435-6231-4533-a539-666164656335/25548589.jpg https://static.tildacdn.com/stor3832-3933-4531-a534-323962356534/96699029.jpg https://static.tildacdn.com/stor3936-3464-4261-a533-636538613638/99889086.jpg https://static.tildacdn.com/stor3430-3063-4035-a366-386466613532/52211586.jpg https://static.tildacdn.com/stor3864-6630-4339-b139-343035656131/97534245.jpg https://static.tildacdn.com/stor3262-6136-4765-a561-646136326239/97718886.jpg";790000.00;;;;;KERn42UnfxSiksHdo8g9;;;;;;;;;;;4Т;1;525;Нет;Да;;;;;;;;;;;;;;;;;;;;0;0;0;0;"Квадроцикл AODES PATHCROSS 525L купить в Красноярске";"Квадроцикл AODES PATHCROSS 525L купить в Красноярске";"Квадроцикл AODES PATHCROSS 525L купить в Красноярске";"Квадроцикл AODES PATHCROSS 525L купить в Красноярске";"Квадроцикл AODES PATHCROSS 525L купить в Красноярске";22;;;https://mirmotorov24.ru/kvadrocikl-aodes/525l
397839249922;AODES;;;"Квадроциклы>>>Квадроциклы AODES;Техника";"Квадроцикл AODES PATHCROSS 525L PRO";"495сс, 38 л.с., двухместный";"Двухместная версия квадроцикла PATHCROSS с двигателем 495 см³. Для комфортных путешествий с пассажиром.<br /><br />Новая модель AODES PATHCROSS 525 с новым дизайном и новым мотором.<br /><br />Все самое нужное для начала своего пути в мир квадроциклов и путешествий на них - это AODES PATHCROSS 525L.<br /><br />Двухместный, комфортный, легкий, податливый и легко читаемый в управлении. Мотор с одним цилиндром достаточно тяговит, а его энергоемкости хватит для поездок для двух пассажиров или для выполнения бытовых задач на загородном участке.<br /><br />Настал сезон грибов - закрепили корзины и поехали в свои самые секретные и злачные места.<br />Настал сезон березового сока - на этом квадроцикле вы с лёгкостью соберете и увезете нужный вам объем.<br /><br />Наш официальный дилерский центр в Красноярске с радостью предложит вам широкий ассортимент аксессуаров и запчастей, в том числе и дополнительное сервисное обслуживание для вашего нового квадроцикла. Наши сотрудники, настоящие поклонники активного образа жизни, помогут вам с выбором и проконсультируют по любым вопросам эксплуатации.<br /><br />Мы также предоставляем услугу продажи в кредит или рассрочку, что делает приобретение квадроцикла ещё более доступным. Выберете качество, надёжность и удовольствие от вождения с AODES PATHCROSS 525L — квадроциклом, который не знает границ.<br />Тип двигателя Одноцилиндровый V-образный, жидкостного охлаждения, 495 см³, мощность — 28 кВт (38 л. с.)<br />Коробка передач Вариатор CVTech, L-H-N-R-P. <br />Рулевое управление EPS — электроусилитель руля <br />Передняя подвеска и задняя подвеска Двойные А-образные рычаги и Газомаслянные амортизаторы<br />Передние шины AT (25×8–12)<br />Задние шины AT (25×10–12)<br />Колесные диски12-дюймовые Стальные <br />Передние / задние томроза дисковые <br />«Сухая» масса 365 кг<br />Длина × Ширина × Высота 2215 × 1172 × 1260 мм<br />Колесная база 1460<br />Дорожный просвет 265 мм";"https://static.tildacdn.com/stor6364-6638-4632-a333-643632623064/56930254.jpg https://static.tildacdn.com/stor3562-6630-4430-b865-313264333939/79130572.jpg https://static.tildacdn.com/stor6231-3632-4932-a531-633464646234/51697734.jpg https://static.tildacdn.com/stor3364-6431-4737-b466-643061393165/93687687.jpg https://static.tildacdn.com/stor3165-3265-4937-b537-336361343165/71654392.jpg https://static.tildacdn.com/stor6136-6331-4862-a262-666666386632/99763229.jpg https://static.tildacdn.com/stor3333-6632-4939-a531-306535663334/71585451.jpg https://static.tildacdn.com/stor3662-3934-4236-a134-323938653633/16914406.jpg https://static.tildacdn.com/stor6535-3338-4563-b634-386335633836/61016603.jpg https://static.tildacdn.com/stor3361-3762-4361-a465-636635633737/69643084.jpg";820000.00;;;;;DIUlCK09KsKnoRyx1MSl;;;;;;;;;;;4Т;1;525;Да;Нет;;;;;;;;;;;;;;;;;;;;0;0;0;0;"Квадроцикл AODES PATHCROSS 525L PRO купить в Красноярске";"Квадроцикл AODES PATHCROSS 525L PRO купить в Красноярске";"Квадроцикл AODES PATHCROSS 525L PRO купить в Красноярске";"Квадроцикл AODES PATHCROSS 525L PRO купить в Красноярске";"Квадроцикл AODES PATHCROSS 525L PRO купить в Красноярске";22;;;https://mirmotorov24.ru/kvadrocikl-aodes/525lpro
189862807452;AODES;;;"Квадроциклы>>>Квадроциклы AODES;Техника";"Квадроцикл AODES PATHCROSS 300L";"273сс, 20 л.с., двухместный";"Двухместная версия квадроцикла PATHCROSS с двигателем 273 см³. Для комфортных путешествий с пассажиром.<br /><br />Новая модель AODES PATHCROSS 300L с новым дизайном и новым мотором.<br /><br />Все самое нужное для начала своего пути в мир квадроциклов и путешествий на них - это AODES PATHCROSS 300L.<br /><br />Двухместный, комфортный, легкий, податливый и легко читаемый в управлении. <br /><br />Настал сезон грибов - закрепили корзины и поехали в свои самые секретные и злачные места.<br />Настал сезон березового сока - на этом квадроцикле вы с лёгкостью соберете и увезете нужный вам объем.<br /><br />Наш официальный дилерский центр в Красноярске с радостью предложит вам широкий ассортимент аксессуаров и запчастей, в том числе и дополнительное сервисное обслуживание для вашего нового квадроцикла. Наши сотрудники, настоящие поклонники активного образа жизни, помогут вам с выбором и проконсультируют по любым вопросам эксплуатации.<br /><br />Мы также предоставляем услугу продажи в кредит или рассрочку, что делает приобретение квадроцикла ещё более доступным. Выберете качество, надёжность и удовольствие от вождения с AODES PATHCROSS 525L — квадроциклом, который не знает границ.<br />Тип двигателя Одноцилиндровый, жидкостного охлаждения, 273 см³, мощность — 15кВт (20 л. с.)<br />Коробка передач Вариатор CVTech, L-H-N-R-P. <br />Привод задний<br />Передняя подвеска Двойные А-образные рычаги и Газомаслянные амортизаторы<br />задняя подвеска Моноамортизатор<br />Передние шины AT (25×8–12)<br />Задние шины AT (25×10–12)<br />Колесные диски12-дюймовые Стальные <br />Передние / задние тормоза Спереди 2 , сзади 1<br />«Сухая» масса 245 кг<br />Длина × Ширина × Высота 1940× 1095 × 1150 мм<br />Дорожный просвет 165 мм<br />Комплектация: Лебедка, электронная приборная панель, звуковой сигнал, сигналы поворота, зеркала заднего вида, розетка 12В и USB, <br /><br />";"https://static.tildacdn.com/stor3761-3135-4537-b631-313361353962/ab32e3d2ae48de87c5e60f8408259fe7.png https://static.tildacdn.com/stor3331-6231-4633-a631-303732663165/3dc4d9082b2584038e471a3f43d9a87d.png https://static.tildacdn.com/stor6334-3336-4566-b161-663064633037/76b45204d1b940323376caae2fc0f4cf.png https://static.tildacdn.com/stor3230-3533-4265-a339-613164393038/02d5ded2415be140f1cc75bc36a3ef31.png https://static.tildacdn.com/stor3534-6162-4932-b063-383664616162/2fe7d50c6c8fb0f2e012c1c08f07b5a2.png https://static.tildacdn.com/stor3834-3865-4361-a139-356237353338/ce43e9bdd15c2191eeca1ba177da954e.png https://static.tildacdn.com/stor3164-3830-4434-b334-323237303565/16271856b0aadb59c2882a1e71510d22.png https://static.tildacdn.com/stor3038-6562-4862-b838-396563396665/34897a2a8ceafc560159eb823b3c0653.png https://static.tildacdn.com/stor3639-3861-4137-a261-303731613835/9993220a361b37be736571d64bc0e934.png";495000.00;1;;;;bKD1Hzjsmm2Br82vnex4;;;;;;;;;;;4Т;1;300;Нет;Нет;;;;;;;;;;;;;;;;;;;;0;0;0;0;"Квадроцикл AODES PATHCROSS 300L купить в Красноярске";"Квадроцикл AODES PATHCROSS 300L купить в Красноярске";"Квадроцикл AODES PATHCROSS 300L купить в Красноярске";"Квадроцикл AODES PATHCROSS 300L купить в Красноярске";"Квадроцикл AODES PATHCROSS 300L купить в Красноярске";22;commodity;;https://mirmotorov24.ru/kvadrocikl-aodes/300l
526532737322;AODES;;;"Квадроциклы>>>Квадроциклы AODES;Техника";"Квадроцикл AODES PATHCROSS 625L";"580сс, 44 л.с., двухместный";"Двухместная версия квадроцикла PATHCROSS с двигателем 580 см³. Для комфортных путешествий с пассажиром.<br /><br />Новая модель AODES PATHCROSS 625L с новым дизайном и новым мотором.<br /><br />Все самое нужное для начала своего пути в мир квадроциклов и путешествий на них - это AODES PATHCROSS 625L.<br /><br />Двухместный, комфортный, легкий, податливый и легко читаемый в управлении. Мотор с одним цилиндром достаточно тяговит, а его энергоемкости хватит для поездок для двух пассажиров или для выполнения бытовых задач на загородном участке.<br /><br />Настал сезон грибов - закрепили корзины и поехали в свои самые секретные и злачные места.<br />Настал сезон березового сока - на этом квадроцикле вы с лёгкостью соберете и увезете нужный вам объем.<br /><br />Наш официальный дилерский центр в Красноярске с радостью предложит вам широкий ассортимент аксессуаров и запчастей, в том числе и дополнительное сервисное обслуживание для вашего нового квадроцикла. Наши сотрудники, настоящие поклонники активного образа жизни, помогут вам с выбором и проконсультируют по любым вопросам эксплуатации.<br /><br />Мы также предоставляем услугу продажи в кредит или рассрочку, что делает приобретение квадроцикла ещё более доступным. Выберете качество, надёжность и удовольствие от вождения с AODES PATHCROSS 625L — квадроциклом, который не знает границ.<br />Тип двигателя Одноцилиндровый V-образный, жидкостного охлаждения, 580 см³, мощность — 32 кВт (44 л. с.)<br />Коробка передач Вариатор CVTech, L-H-N-R-P. <br />Передняя подвеска и задняя подвеска Двойные А-образные рычаги и Газомаслянные амортизаторы<br />Передние шины AT (25×8–12)<br />Задние шины AT (25×10–12)<br />Колесные диски12-дюймовые Стальные <br />Передние / задние томроза дисковые <br />«Сухая» масса 410кг<br />Длина × Ширина × Высота 2215 × 1172 × 1260 мм<br />Колесная база 1460<br />Дорожный просвет 265 мм<br />Объем топливного бака 20 л.";"https://static.tildacdn.com/stor6663-6639-4533-b361-366632393535/ff8c44a861308e5f5a754f4d3dbf2050.png https://static.tildacdn.com/stor6539-3439-4066-b935-323332613766/bb08556476a3c33cda04559d9701cf78.png https://static.tildacdn.com/stor3464-6563-4437-b361-613737613263/54b42a2a9d40b7ac255ff5e262de557e.jpg https://static.tildacdn.com/stor3066-6239-4863-b537-353239303339/9115b9940c9555498ae1eb53aeb6267e.png https://static.tildacdn.com/stor3866-6666-4338-b438-373734623362/e68899c9e03e3d076a3e54c780218684.png https://static.tildacdn.com/stor3165-3565-4532-b431-336166343337/6c84c490476e06342766177deb119198.png https://static.tildacdn.com/stor6338-3737-4232-b838-373836316230/1c7187d205d1935bcf42e32b74045eb5.png https://static.tildacdn.com/stor3139-6139-4539-a536-303737643233/5988f70b05d52f89c93661569543c77a.png https://static.tildacdn.com/stor6131-3661-4039-b336-343030623734/31a309d4683b1ec1d515ccd2d2e6a454.png";855000.00;;;;;6G65YeSaYEiJtxfixfIc;;;;;;;;;;;4Т;1;580;Нет;Нет;;;;;;;;;;;;;;;;;;;;0;0;0;0;"Квадроцикл AODES PATHCROSS 625L купить в Красноярске";"Квадроцикл AODES PATHCROSS 625L купить в Красноярске";"Квадроцикл AODES PATHCROSS 625L купить в Красноярске";"Квадроцикл AODES PATHCROSS 625L купить в Красноярске";"Квадроцикл AODES PATHCROSS 625L купить в Красноярске";22;;;https://mirmotorov24.ru/kvadrocikl-aodes/625l
733248732772;AODES;;;"Квадроциклы>>>Квадроциклы AODES;Техника";"Квадроцикл AODES PATHCROSS 625L PRO";"580сс, 44 л.с., двухместный";"Двухместная версия квадроцикла PATHCROSS с двигателем 580 см³. Для комфортных путешествий с пассажиром.<br /><br />Новая модель AODES PATHCROSS 625L с новым дизайном и новым мотором.<br /><br />Все самое нужное для начала своего пути в мир квадроциклов и путешествий на них - это AODES PATHCROSS 625L.<br /><br />Двухместный, комфортный, легкий, податливый и легко читаемый в управлении. Мотор с одним цилиндром достаточно тяговит, а его энергоемкости хватит для поездок для двух пассажиров или для выполнения бытовых задач на загородном участке.<br /><br />Настал сезон грибов - закрепили корзины и поехали в свои самые секретные и злачные места.<br />Настал сезон березового сока - на этом квадроцикле вы с лёгкостью соберете и увезете нужный вам объем.<br /><br />Наш официальный дилерский центр в Красноярске с радостью предложит вам широкий ассортимент аксессуаров и запчастей, в том числе и дополнительное сервисное обслуживание для вашего нового квадроцикла. Наши сотрудники, настоящие поклонники активного образа жизни, помогут вам с выбором и проконсультируют по любым вопросам эксплуатации.<br /><br />Мы также предоставляем услугу продажи в кредит или рассрочку, что делает приобретение квадроцикла ещё более доступным. Выберете качество, надёжность и удовольствие от вождения с AODES PATHCROSS 625L — квадроциклом, который не знает границ.<br />Тип двигателя Одноцилиндровый V-образный, жидкостного охлаждения, 580 см³, мощность — 32 кВт (44 л. с.)<br />Усилитель руля - электронный усилитель<br />Коробка передач Вариатор CVTech, L-H-N-R-P. <br />Передняя подвеска и задняя подвеска Двойные А-образные рычаги и Газомаслянные амортизаторы<br />Передние шины AT (25×8–12)<br />Задние шины AT (25×10–12)<br />Колесные диски12-дюймовые Стальные <br />Передние / задние томроза дисковые <br />«Сухая» масса 410кг<br />Длина × Ширина × Высота 2215 × 1172 × 1260 мм<br />Колесная база 1460<br />Дорожный просвет 265 мм<br />Объем топливного бака 20 л.";"https://static.tildacdn.com/stor3866-6666-4338-b438-373734623362/e68899c9e03e3d076a3e54c780218684.png https://static.tildacdn.com/stor6539-3439-4066-b935-323332613766/bb08556476a3c33cda04559d9701cf78.png https://static.tildacdn.com/stor3464-6563-4437-b361-613737613263/54b42a2a9d40b7ac255ff5e262de557e.jpg https://static.tildacdn.com/stor3066-6239-4863-b537-353239303339/9115b9940c9555498ae1eb53aeb6267e.png https://static.tildacdn.com/stor6663-6639-4533-b361-366632393535/ff8c44a861308e5f5a754f4d3dbf2050.png https://static.tildacdn.com/stor3165-3565-4532-b431-336166343337/6c84c490476e06342766177deb119198.png https://static.tildacdn.com/stor6338-3737-4232-b838-373836316230/1c7187d205d1935bcf42e32b74045eb5.png https://static.tildacdn.com/stor3139-6139-4539-a536-303737643233/5988f70b05d52f89c93661569543c77a.png https://static.tildacdn.com/stor6131-3661-4039-b336-343030623734/31a309d4683b1ec1d515ccd2d2e6a454.png";895000.00;;;;;rYeNjmXN5hDPoYX6K894;;;;;;;;;;;4Т;1;580;Да;Нет;;;;;;;;;;;;;;;;;;;;0;0;0;0;"Квадроцикл AODES PATHCROSS 625L PRO купить в Красноярске";"Квадроцикл AODES PATHCROSS 625L PRO купить в Красноярске";"Квадроцикл AODES PATHCROSS 625L PRO купить в Красноярске";"Квадроцикл AODES PATHCROSS 625L PRO купить в Красноярске";"Квадроцикл AODES PATHCROSS 625L PRO купить в Красноярске";22;;;https://mirmotorov24.ru/kvadrocikl-aodes/625lpro
233287086962;AODES;;;"Квадроциклы>>>Квадроциклы AODES;Техника";"Квадроцикл AODES PATHCROSS 625L MUD PRO";"580сс, 44 л.с., двухместный";"Двухместная версия квадроцикла PATHCROSS с двигателем 580 см³. Для комфортных путешествий с пассажиром.<br /><br />Новая модель AODES PATHCROSS 625L с новым дизайном и новым мотором.<br /><br />Все самое нужное для начала своего пути в мир квадроциклов и путешествий на них - это AODES PATHCROSS 625L.<br /><br />Двухместный, комфортный, легкий, податливый и легко читаемый в управлении. Мотор с одним цилиндром достаточно тяговит, а его энергоемкости хватит для поездок для двух пассажиров или для выполнения бытовых задач на загородном участке.<br /><br />Настал сезон грибов - закрепили корзины и поехали в свои самые секретные и злачные места.<br />Настал сезон березового сока - на этом квадроцикле вы с лёгкостью соберете и увезете нужный вам объем.<br /><br />Наш официальный дилерский центр в Красноярске с радостью предложит вам широкий ассортимент аксессуаров и запчастей, в том числе и дополнительное сервисное обслуживание для вашего нового квадроцикла. Наши сотрудники, настоящие поклонники активного образа жизни, помогут вам с выбором и проконсультируют по любым вопросам эксплуатации.<br /><br />Мы также предоставляем услугу продажи в кредит или рассрочку, что делает приобретение квадроцикла ещё более доступным. Выберете качество, надёжность и удовольствие от вождения с AODES PATHCROSS 625L — квадроциклом, который не знает границ.<br />Тип двигателя Одноцилиндровый V-образный, жидкостного охлаждения, 580 см³, мощность — 32 кВт (44 л. с.)<br />Усилитель руля - электронный усилитель<br />Коробка передач Вариатор CVTech, L-H-N-R-P. <br />Передняя подвеска и задняя подвеска Двойные А-образные рычаги и Газомаслянные амортизаторы<br />Передние шины AT (25×8–12)<br />Задние шины AT (25×10–12)<br />Колесные диски12-дюймовые Стальные <br />Передние / задние томроза дисковые <br />«Сухая» масса 410кг<br />Длина × Ширина × Высота 2215 × 1172 × 1260 мм<br />Колесная база 1460<br />Дорожный просвет 265 мм<br />Объем топливного бака 20 л.";"https://static.tildacdn.com/stor3632-6430-4536-b833-363739643131/224ad61a463fbfcfa184ba294626ea15.jpg https://static.tildacdn.com/stor3165-3632-4835-b233-303632663332/4eb24e3d2e65a6bbf87a92a5c6f40e15.png https://static.tildacdn.com/stor6264-3466-4139-a633-613437666534/317dbe911fd89e2988201348546ec58b.png https://static.tildacdn.com/stor3430-3636-4633-b330-326266623237/f663910170213fd5301ff1be3f9a773a.png https://static.tildacdn.com/stor3435-3664-4465-a431-323361653938/95b1de39187f37189043726cc8d801c1.png https://static.tildacdn.com/stor3737-6430-4137-b031-636133616636/078225fc704fa3d7fc4cef94e397d76f.png https://static.tildacdn.com/stor3263-6364-4130-a230-646331613732/90590499ae6bbb70983c5d91a5b4e00d.png https://static.tildacdn.com/stor6431-3938-4535-b965-613766363464/436bb613cf5764dec0ef6a82317ca00b.png";995000.00;;;;;nKFgHkBjD2aH0tDB40xx;;;;;;;;;;;4Т;1;580;Да;Нет;;;;;;;;;;;;;;;;;;;;0;0;0;0;"Квадроцикл AODES PATHCROSS 625L MUD PRO купить в Красноярске";"Квадроцикл AODES PATHCROSS 625L MUD PRO купить в Красноярске";"Квадроцикл AODES PATHCROSS 625L MUD PRO купить в Красноярске";"Квадроцикл AODES PATHCROSS 625L MUD PRO купить в Красноярске";"Квадроцикл AODES PATHCROSS 625L MUD PRO купить в Красноярске";22;;;https://mirmotorov24.ru/kvadrocikl-aodes/625lmudpro
